"","time","provname","city","citypop"
"1","2020-01-30 23:30:00","北京","海淀区",24
"2","2020-01-30 23:30:00","北京","怀柔区",1
"3","2020-01-30 23:30:00","北京","丰台区",11
"4","2020-01-30 23:30:00","北京","大兴区",10
"5","2020-01-30 23:30:00","北京","东城区",2
"6","2020-01-30 23:30:00","北京","昌平区",9
"7","2020-01-30 23:30:00","北京","西城区",12
"8","2020-01-30 23:30:00","北京","朝阳区",21
"9","2020-01-30 23:30:00","北京","石景山区",2
"10","2020-01-30 23:30:00","北京","通州区",8
"11","2020-01-30 23:30:00","北京","顺义区",2
"12","2020-01-30 23:30:00","北京","门头沟区",1
"13","2020-01-30 23:30:00","北京","外来务工人员",11
"14","2020-01-30 23:30:00","湖北","武汉",2261
"15","2020-01-30 23:30:00","湖北","黄冈",496
"16","2020-01-30 23:30:00","湖北","孝感",399
"17","2020-01-30 23:30:00","湖北","荆门",191
"18","2020-01-30 23:30:00","湖北","咸宁",130
"19","2020-01-30 23:30:00","湖北","荆州",151
"20","2020-01-30 23:30:00","湖北","襄阳",163
"21","2020-01-30 23:30:00","湖北","随州",143
"22","2020-01-30 23:30:00","湖北","十堰",119
"23","2020-01-30 23:30:00","湖北","鄂州",123
"24","2020-01-30 23:30:00","湖北","黄石",113
"25","2020-01-30 23:30:00","湖北","宜昌",117
"26","2020-01-30 23:30:00","湖北","恩施州",66
"27","2020-01-30 23:30:00","湖北","仙桃",55
"28","2020-01-30 23:30:00","湖北","天门",44
"29","2020-01-30 23:30:00","湖北","潜江",10
"30","2020-01-30 23:30:00","湖北","神农架林区",5
"31","2020-01-30 23:30:00","广东","广州",94
"32","2020-01-30 23:30:00","广东","深圳",98
"33","2020-01-30 23:30:00","广东","佛山",25
"34","2020-01-30 23:30:00","广东","珠海",26
"35","2020-01-30 23:30:00","广东","惠州",17
"36","2020-01-30 23:30:00","广东","中山",18
"37","2020-01-30 23:30:00","广东","阳江",10
"38","2020-01-30 23:30:00","广东","东莞",11
"39","2020-01-30 23:30:00","广东","湛江",11
"40","2020-01-30 23:30:00","广东","汕头",12
"41","2020-01-30 23:30:00","广东","清远",6
"42","2020-01-30 23:30:00","广东","揭阳",6
"43","2020-01-30 23:30:00","广东","肇庆",5
"44","2020-01-30 23:30:00","广东","韶关",4
"45","2020-01-30 23:30:00","广东","梅州",5
"46","2020-01-30 23:30:00","广东","茂名",3
"47","2020-01-30 23:30:00","广东","河源",1
"48","2020-01-30 23:30:00","广东","汕尾",1
"49","2020-01-30 23:30:00","广东","江门",1
"50","2020-01-30 23:30:00","浙江","杭州",69
"51","2020-01-30 23:30:00","浙江","宁波",41
"52","2020-01-30 23:30:00","浙江","温州",172
"53","2020-01-30 23:30:00","浙江","湖州",5
"54","2020-01-30 23:30:00","浙江","嘉兴",16
"55","2020-01-30 23:30:00","浙江","绍兴",19
"56","2020-01-30 23:30:00","浙江","金华",20
"57","2020-01-30 23:30:00","浙江","衢州",10
"58","2020-01-30 23:30:00","浙江","舟山",6
"59","2020-01-30 23:30:00","浙江","台州",64
"60","2020-01-30 23:30:00","浙江","丽水",6
"61","2020-01-30 23:30:00","河南","郑州市",46
"62","2020-01-30 23:30:00","河南","开封市",4
"63","2020-01-30 23:30:00","河南","洛阳市",2
"64","2020-01-30 23:30:00","河南","平顶山市",8
"65","2020-01-30 23:30:00","河南","安阳市",16
"66","2020-01-30 23:30:00","河南","鹤壁市",6
"67","2020-01-30 23:30:00","河南","新乡市",11
"68","2020-01-30 23:30:00","河南","焦作市",2
"69","2020-01-30 23:30:00","河南","濮阳市",1
"70","2020-01-30 23:30:00","河南","许昌市",3
"71","2020-01-30 23:30:00","河南","漯河市",11
"72","2020-01-30 23:30:00","河南","三门峡市",5
"73","2020-01-30 23:30:00","河南","南阳市",51
"74","2020-01-30 23:30:00","河南","商丘市",18
"75","2020-01-30 23:30:00","河南","周口市",25
"76","2020-01-30 23:30:00","河南","信阳市",42
"77","2020-01-30 23:30:00","河南","驻马店市",25
"78","2020-01-30 23:30:00","河南","滑县",1
"79","2020-01-30 23:30:00","河南","长垣市",1
"80","2020-01-30 23:30:00","湖南","长沙市",57
"81","2020-01-30 23:30:00","湖南","衡阳市",20
"82","2020-01-30 23:30:00","湖南","株洲市",18
"83","2020-01-30 23:30:00","湖南","湘潭市",9
"84","2020-01-30 23:30:00","湖南","邵阳市",29
"85","2020-01-30 23:30:00","湖南","岳阳市",29
"86","2020-01-30 23:30:00","湖南","常德市",30
"87","2020-01-30 23:30:00","湖南","张家界市",1
"88","2020-01-30 23:30:00","湖南","益阳市",17
"89","2020-01-30 23:30:00","湖南","郴州市",10
"90","2020-01-30 23:30:00","湖南","永州市",14
"91","2020-01-30 23:30:00","湖南","怀化市",23
"92","2020-01-30 23:30:00","湖南","娄底市",16
"93","2020-01-30 23:30:00","湖南","湘西自治州",4
"94","2020-01-30 23:30:00","重庆","长寿",7
"95","2020-01-30 23:30:00","重庆","武隆",1
"96","2020-01-30 23:30:00","重庆","万州",24
"97","2020-01-30 23:30:00","重庆","江津",3
"98","2020-01-30 23:30:00","重庆","涪陵",1
"99","2020-01-30 23:30:00","重庆","渝中",5
"100","2020-01-30 23:30:00","重庆","黔江",1
"101","2020-01-30 23:30:00","重庆","大渡口",6
"102","2020-01-30 23:30:00","重庆","江北",8
"103","2020-01-30 23:30:00","重庆","九龙坡",5
"104","2020-01-30 23:30:00","重庆","南岸",2
"105","2020-01-30 23:30:00","重庆","渝北",8
"106","2020-01-30 23:30:00","重庆","巴南",1
"107","2020-01-30 23:30:00","重庆","合川",6
"108","2020-01-30 23:30:00","重庆","永川",3
"109","2020-01-30 23:30:00","重庆","綦江",4
"110","2020-01-30 23:30:00","重庆","大足",4
"111","2020-01-30 23:30:00","重庆","璧山",4
"112","2020-01-30 23:30:00","重庆","铜梁",2
"113","2020-01-30 23:30:00","重庆","潼南",2
"114","2020-01-30 23:30:00","重庆","开州",14
"115","2020-01-30 23:30:00","重庆","梁平",2
"116","2020-01-30 23:30:00","重庆","城口",1
"117","2020-01-30 23:30:00","重庆","丰都",3
"118","2020-01-30 23:30:00","重庆","垫江",8
"119","2020-01-30 23:30:00","重庆","忠县",12
"120","2020-01-30 23:30:00","重庆","云阳",13
"121","2020-01-30 23:30:00","重庆","奉节",4
"122","2020-01-30 23:30:00","重庆","巫山",5
"123","2020-01-30 23:30:00","重庆","巫溪",7
"124","2020-01-30 23:30:00","重庆","石柱",7
"125","2020-01-30 23:30:00","重庆","秀山",1
"126","2020-01-30 23:30:00","重庆","两江新区",8
"127","2020-01-30 23:30:00","安徽","阜阳",28
"128","2020-01-30 23:30:00","安徽","合肥",39
"129","2020-01-30 23:30:00","安徽","马鞍山",14
"130","2020-01-30 23:30:00","安徽","芜湖",14
"131","2020-01-30 23:30:00","安徽","铜陵",10
"132","2020-01-30 23:30:00","安徽","安庆",18
"133","2020-01-30 23:30:00","安徽","亳州",20
"134","2020-01-30 23:30:00","安徽","黄山",7
"135","2020-01-30 23:30:00","安徽","宿松",6
"136","2020-01-30 23:30:00","安徽","滁州",4
"137","2020-01-30 23:30:00","安徽","六安",8
"138","2020-01-30 23:30:00","安徽","宿州",10
"139","2020-01-30 23:30:00","安徽","蚌埠",8
"140","2020-01-30 23:30:00","安徽","淮南",6
"141","2020-01-30 23:30:00","安徽","宣城",4
"142","2020-01-30 23:30:00","安徽","淮北",2
"143","2020-01-30 23:30:00","安徽","池州",2
"144","2020-01-30 23:30:00","四川","成都",59
"145","2020-01-30 23:30:00","四川","绵阳",9
"146","2020-01-30 23:30:00","四川","南充",9
"147","2020-01-30 23:30:00","四川","广安",9
"148","2020-01-30 23:30:00","四川","自贡",7
"149","2020-01-30 23:30:00","四川","达州",6
"150","2020-01-30 23:30:00","四川","泸州",5
"151","2020-01-30 23:30:00","四川","宜宾",5
"152","2020-01-30 23:30:00","四川","甘孜州",5
"153","2020-01-30 23:30:00","四川","遂宁",4
"154","2020-01-30 23:30:00","四川","内江",4
"155","2020-01-30 23:30:00","四川","巴中",4
"156","2020-01-30 23:30:00","四川","德阳",3
"157","2020-01-30 23:30:00","四川","广元",3
"158","2020-01-30 23:30:00","四川","乐山",2
"159","2020-01-30 23:30:00","四川","雅安",2
"160","2020-01-30 23:30:00","四川","眉山",2
"161","2020-01-30 23:30:00","四川","资阳",2
"162","2020-01-30 23:30:00","四川","凉山州",2
"163","2020-01-30 23:30:00","山东","济南",14
"164","2020-01-30 23:30:00","山东","青岛",21
"165","2020-01-30 23:30:00","山东","淄博",8
"166","2020-01-30 23:30:00","山东","枣庄",9
"167","2020-01-30 23:30:00","山东","烟台",13
"168","2020-01-30 23:30:00","山东","潍坊",7
"169","2020-01-30 23:30:00","山东","济宁",8
"170","2020-01-30 23:30:00","山东","泰安",3
"171","2020-01-30 23:30:00","山东","威海",14
"172","2020-01-30 23:30:00","山东","日照",9
"173","2020-01-30 23:30:00","山东","临沂",16
"174","2020-01-30 23:30:00","山东","德州",15
"175","2020-01-30 23:30:00","山东","聊城",5
"176","2020-01-30 23:30:00","山东","滨州",9
"177","2020-01-30 23:30:00","山东","菏泽",7
"178","2020-01-30 23:30:00","吉林","长春",4
"179","2020-01-30 23:30:00","吉林","吉林",3
"180","2020-01-30 23:30:00","吉林","松原",2
"181","2020-01-30 23:30:00","吉林","四平",1
"182","2020-01-30 23:30:00","吉林","公主岭",1
"183","2020-01-30 23:30:00","吉林","通化",1
"184","2020-01-30 23:30:00","吉林","延边",2
"185","2020-01-30 23:30:00","福建","福州",30
"186","2020-01-30 23:30:00","福建","莆田",17
"187","2020-01-30 23:30:00","福建","漳州",7
"188","2020-01-30 23:30:00","福建","泉州",18
"189","2020-01-30 23:30:00","福建","三明",10
"190","2020-01-30 23:30:00","福建","厦门",7
"191","2020-01-30 23:30:00","福建","南平",3
"192","2020-01-30 23:30:00","福建","龙岩",1
"193","2020-01-30 23:30:00","福建","宁德",8
"194","2020-01-30 23:30:00","江西","南昌",46
"195","2020-01-30 23:30:00","江西","赣州",21
"196","2020-01-30 23:30:00","江西","宜春",14
"197","2020-01-30 23:30:00","江西","九江",31
"198","2020-01-30 23:30:00","江西","抚州",13
"199","2020-01-30 23:30:00","江西","上饶",11
"200","2020-01-30 23:30:00","江西","新余",11
"201","2020-01-30 23:30:00","江西","吉安",5
"202","2020-01-30 23:30:00","江西","景德镇",2
"203","2020-01-30 23:30:00","江西","萍乡",5
"204","2020-01-30 23:30:00","江西","鹰潭",3
"205","2020-01-30 23:30:00","江苏","南京",19
"206","2020-01-30 23:30:00","江苏","无锡",10
"207","2020-01-30 23:30:00","江苏","徐州",15
"208","2020-01-30 23:30:00","江苏","常州",10
"209","2020-01-30 23:30:00","江苏","苏州",24
"210","2020-01-30 23:30:00","江苏","南通",9
"211","2020-01-30 23:30:00","江苏","连云港",6
"212","2020-01-30 23:30:00","江苏","淮安",7
"213","2020-01-30 23:30:00","江苏","盐城",6
"214","2020-01-30 23:30:00","江苏","扬州",8
"215","2020-01-30 23:30:00","江苏","镇江",2
"216","2020-01-30 23:30:00","江苏","泰州",9
"217","2020-01-30 23:30:00","江苏","宿迁",4
"218","2020-01-30 23:30:00","上海","外地来沪人员",51
"219","2020-01-30 23:30:00","上海","浦东",17
"220","2020-01-30 23:30:00","上海","静安",8
"221","2020-01-30 23:30:00","上海","长宁",5
"222","2020-01-30 23:30:00","上海","奉贤",5
"223","2020-01-30 23:30:00","上海","徐汇",5
"224","2020-01-30 23:30:00","上海","闵行",4
"225","2020-01-30 23:30:00","上海","青浦",2
"226","2020-01-30 23:30:00","上海","虹口",2
"227","2020-01-30 23:30:00","上海","黄浦",4
"228","2020-01-30 23:30:00","上海","宝山",2
"229","2020-01-30 23:30:00","上海","嘉定",2
"230","2020-01-30 23:30:00","上海","金山",1
"231","2020-01-30 23:30:00","上海","松江",3
"232","2020-01-30 23:30:00","上海","杨浦",1
"233","2020-01-30 23:30:00","广西","桂林",18
"234","2020-01-30 23:30:00","广西","北海",15
"235","2020-01-30 23:30:00","广西","南宁",15
"236","2020-01-30 23:30:00","广西","柳州",10
"237","2020-01-30 23:30:00","广西","防城港",5
"238","2020-01-30 23:30:00","广西","梧州",4
"239","2020-01-30 23:30:00","广西","河池",5
"240","2020-01-30 23:30:00","广西","百色",2
"241","2020-01-30 23:30:00","广西","玉林",2
"242","2020-01-30 23:30:00","广西","钦州",1
"243","2020-01-30 23:30:00","广西","贺州",1
"244","2020-01-30 23:30:00","海南","海口",9
"245","2020-01-30 23:30:00","海南","三亚",14
"246","2020-01-30 23:30:00","海南","儋州",5
"247","2020-01-30 23:30:00","海南","万宁",8
"248","2020-01-30 23:30:00","海南","琼海",4
"249","2020-01-30 23:30:00","海南","东方",1
"250","2020-01-30 23:30:00","海南","临高",1
"251","2020-01-30 23:30:00","海南","定安",1
"252","2020-01-30 23:30:00","海南","昌江",1
"253","2020-01-30 23:30:00","海南","澄迈",2
"254","2020-01-30 23:30:00","海南","陵水",2
"255","2020-01-30 23:30:00","海南","琼中",1
"256","2020-01-30 23:30:00","陕西","西安",22
"257","2020-01-30 23:30:00","陕西","安康",10
"258","2020-01-30 23:30:00","陕西","铜川",5
"259","2020-01-30 23:30:00","陕西","咸阳",5
"260","2020-01-30 23:30:00","陕西","汉中",6
"261","2020-01-30 23:30:00","陕西","渭南",4
"262","2020-01-30 23:30:00","陕西","宝鸡",4
"263","2020-01-30 23:30:00","陕西","延安",3
"264","2020-01-30 23:30:00","陕西","商洛",2
"265","2020-01-30 23:30:00","陕西","榆林",1
"266","2020-01-30 23:30:00","陕西","韩城",1
"267","2020-01-30 23:30:00","河北","石家庄",11
"268","2020-01-30 23:30:00","河北","廊坊",9
"269","2020-01-30 23:30:00","河北","沧州",12
"270","2020-01-30 23:30:00","河北","邯郸",6
"271","2020-01-30 23:30:00","河北","保定",7
"272","2020-01-30 23:30:00","河北","邢台",5
"273","2020-01-30 23:30:00","河北","衡水",4
"274","2020-01-30 23:30:00","河北","承德",2
"275","2020-01-30 23:30:00","河北","唐山",3
"276","2020-01-30 23:30:00","河北","张家口",6
"277","2020-01-30 23:30:00","黑龙江","哈尔滨",13
"278","2020-01-30 23:30:00","黑龙江","齐齐哈尔",3
"279","2020-01-30 23:30:00","黑龙江","牡丹江",1
"280","2020-01-30 23:30:00","黑龙江","佳木斯",5
"281","2020-01-30 23:30:00","黑龙江","大庆",5
"282","2020-01-30 23:30:00","黑龙江","鸡西",1
"283","2020-01-30 23:30:00","黑龙江","双鸭山",1
"284","2020-01-30 23:30:00","黑龙江","七台河",2
"285","2020-01-30 23:30:00","黑龙江","绥化",10
"286","2020-01-30 23:30:00","黑龙江","鹤岗",1
"287","2020-01-30 23:30:00","黑龙江","大兴安岭",1
"288","2020-01-30 23:30:00","辽宁","沈阳",9
"289","2020-01-30 23:30:00","辽宁","大连",5
"290","2020-01-30 23:30:00","辽宁","丹东",5
"291","2020-01-30 23:30:00","辽宁","锦州",4
"292","2020-01-30 23:30:00","辽宁","朝阳",4
"293","2020-01-30 23:30:00","辽宁","葫芦岛",4
"294","2020-01-30 23:30:00","辽宁","铁岭",2
"295","2020-01-30 23:30:00","辽宁","本溪",3
"296","2020-01-30 23:30:00","辽宁","盘锦",3
"297","2020-01-30 23:30:00","辽宁","辽阳",1
"298","2020-01-30 23:30:00","辽宁","营口",1
"299","2020-01-30 23:30:00","云南","昆明",21
"300","2020-01-30 23:30:00","云南","丽江",6
"301","2020-01-30 23:30:00","云南","保山",5
"302","2020-01-30 23:30:00","云南","德宏州",2
"303","2020-01-30 23:30:00","云南","西双版纳",10
"304","2020-01-30 23:30:00","云南","曲靖",5
"305","2020-01-30 23:30:00","云南","玉溪",6
"306","2020-01-30 23:30:00","云南","红河州",4
"307","2020-01-30 23:30:00","云南","大理",4
"308","2020-01-30 23:30:00","云南","昭通",4
"309","2020-01-30 23:30:00","云南","普洱",3
"310","2020-01-30 23:30:00","天津","河北区",8
"311","2020-01-30 23:30:00","天津","河东区",5
"312","2020-01-30 23:30:00","天津","外地来津",4
"313","2020-01-30 23:30:00","天津","河西区",3
"314","2020-01-30 23:30:00","天津","南开区",2
"315","2020-01-30 23:30:00","天津","西青区",2
"316","2020-01-30 23:30:00","天津","和平区",3
"317","2020-01-30 23:30:00","天津","红桥区",2
"318","2020-01-30 23:30:00","天津","滨海新区",2
"319","2020-01-30 23:30:00","山西","太原",3
"320","2020-01-30 23:30:00","山西","朔州",3
"321","2020-01-30 23:30:00","山西","晋中",9
"322","2020-01-30 23:30:00","山西","运城",7
"323","2020-01-30 23:30:00","山西","阳泉",1
"324","2020-01-30 23:30:00","山西","大同",4
"325","2020-01-30 23:30:00","山西","长治",3
"326","2020-01-30 23:30:00","山西","临汾",1
"327","2020-01-30 23:30:00","山西","吕梁",4
"328","2020-01-30 23:30:00","甘肃","张掖",2
"329","2020-01-30 23:30:00","甘肃","陇南",1
"330","2020-01-30 23:30:00","甘肃","金昌",1
"331","2020-01-30 23:30:00","甘肃","天水",2
"332","2020-01-30 23:30:00","甘肃","平凉",1
"333","2020-01-30 23:30:00","甘肃","兰州",14
"334","2020-01-30 23:30:00","甘肃","临夏",2
"335","2020-01-30 23:30:00","甘肃","定西",2
"336","2020-01-30 23:30:00","甘肃","白银",1
"337","2020-01-30 23:30:00","内蒙古","呼和浩特",2
"338","2020-01-30 23:30:00","内蒙古","包头",3
"339","2020-01-30 23:30:00","内蒙古","呼伦贝尔",2
"340","2020-01-30 23:30:00","内蒙古","兴安盟",1
"341","2020-01-30 23:30:00","内蒙古","通辽",1
"342","2020-01-30 23:30:00","内蒙古","赤峰",2
"343","2020-01-30 23:30:00","内蒙古","锡林郭勒",2
"344","2020-01-30 23:30:00","内蒙古","鄂尔多斯",3
"345","2020-01-30 23:30:00","内蒙古","巴彦淖尔",2
"346","2020-01-30 23:30:00","贵州","铜仁",2
"347","2020-01-30 23:30:00","贵州","黔东南州",1
"348","2020-01-30 23:30:00","贵州","遵义",1
"349","2020-01-30 23:30:00","贵州","贵阳",1
"350","2020-01-30 23:30:00","贵州","六盘水",1
"351","2020-01-30 23:30:00","贵州","毕节",1
"352","2020-01-30 23:30:00","贵州","黔南州",4
"353","2020-01-30 23:30:00","贵州","黔西南州",1
"354","2020-01-30 23:30:00","青海","西宁",8
"355","2020-01-30 23:30:00","新疆","乌鲁木齐",7
"356","2020-01-30 23:30:00","新疆","伊犁州",4
"357","2020-01-30 23:30:00","新疆","吐鲁番",1
"358","2020-01-30 23:30:00","新疆","第七师",1
"359","2020-01-30 23:30:00","新疆","石河子",1
"360","2020-01-30 23:30:00","宁夏","银川",9
"361","2020-01-30 23:30:00","宁夏","吴忠",5
"362","2020-01-30 23:30:00","宁夏","中卫",1
"363","2020-01-30 23:30:00","宁夏","固原",1
"364","2020-01-30 23:30:00","宁夏","宁东管委会",1
